Rank,Title,Studio,Worldwide,Domestic / %,,Overseas / %,,Year^
1,Avatar,Fox,"$2,788.00 ",$760.50 ,27.30%,"$2,027.50 ",72.70%,2009^
2,Titanic,Par.,"$2,187.50 ",$659.40 ,30.10%,"$1,528.10 ",69.90%,1997^
3,Star Wars: The Force Awakens,BV,"$2,068.20 ",$936.70 ,45.30%,"$1,131.60 ",54.70%,2015
4,Avengers: Infinity War,BV,"$2,046.50 ",$678.80 ,33.20%,"$1,367.70 ",66.80%,2018
5,Jurassic World,Uni.,"$1,671.70 ",$652.30 ,39.00%,"$1,019.40 ",61.00%,2015
6,Marvel's The Avengers,BV,"$1,518.80 ",$623.40 ,41.00%,$895.50 ,59.00%,2012
7,Furious 7,Uni.,"$1,516.00 ",$353.00 ,23.30%,"$1,163.00 ",76.70%,2015
8,Avengers: Age of Ultron,BV,"$1,405.40 ",$459.00 ,32.70%,$946.40 ,67.30%,2015
9,Black Panther,BV,"$1,346.90 ",$700.10 ,52.00%,$646.80 ,48.00%,2018
10,Harry Potter and the Deathly Hallows Part 2,WB,"$1,341.50 ",$381.00 ,28.40%,$960.50 ,71.60%,2011
11,Star Wars: The Last Jedi,BV,"$1,332.50 ",$620.20 ,46.50%,$712.40 ,53.50%,2017
12,Jurassic World: Fallen Kingdom,Uni.,"$1,304.80 ",$416.80 ,31.90%,$888.00 ,68.10%,2018
13,Frozen,BV,"$1,276.50 ",$400.70 ,31.40%,$875.70 ,68.60%,2013
14,Beauty and the Beast (2017),BV,"$1,263.50 ",$504.00 ,39.90%,$759.50 ,60.10%,2017
15,The Fate of the Furious,Uni.,"$1,236.00 ",$226.00 ,18.30%,"$1,010.00 ",81.70%,2017
16,Iron Man 3,BV,"$1,214.80 ",$409.00 ,33.70%,$805.80 ,66.30%,2013
17,Incredibles 2,BV,"$1,209.20 ",$606.80 ,50.20%,$602.40 ,49.80%,2018
18,Minions,Uni.,"$1,159.40 ",$336.00 ,29.00%,$823.40 ,71.00%,2015
19,Captain America: Civil War,BV,"$1,153.30 ",$408.10 ,35.40%,$745.20 ,64.60%,2016
20,Transformers: Dark of the Moon,P/DW,"$1,123.80 ",$352.40 ,31.40%,$771.40 ,68.60%,2011
21,The Lord of the Rings: The Return of the King,NL,"$1,119.90 ",$377.80 ,33.70%,$742.10 ,66.30%,2003^
22,Skyfall,Sony,"$1,108.60 ",$304.40 ,27.50%,$804.20 ,72.50%,2012
23,Transformers: Age of Extinction,Par.,"$1,104.10 ",$245.40 ,22.20%,$858.60 ,77.80%,2014
24,The Dark Knight Rises,WB,"$1,084.90 ",$448.10 ,41.30%,$636.80 ,58.70%,2012
25,Toy Story 3,BV,"$1,067.00 ",$415.00 ,38.90%,$652.00 ,61.10%,2010
26,Pirates of the Caribbean: Dead Man's Chest,BV,"$1,066.20 ",$423.30 ,39.70%,$642.90 ,60.30%,2006
27,Rogue One: A Star Wars Story,BV,"$1,056.10 ",$532.20 ,50.40%,$523.90 ,49.60%,2016
28,Pirates of the Caribbean: On Stranger Tides,BV,"$1,045.70 ",$241.10 ,23.10%,$804.60 ,76.90%,2011
29,Despicable Me 3,Uni.,"$1,034.80 ",$264.60 ,25.60%,$770.20 ,74.40%,2017
30,Jurassic Park,Uni.,"$1,029.20 ",$402.50 ,39.10%,$626.70 ,60.90%,1993^
31,Finding Dory,BV,"$1,028.60 ",$486.30 ,47.30%,$542.30 ,52.70%,2016
32,Star Wars: Episode I - The Phantom Menace,Fox,"$1,027.00 ",$474.50 ,46.20%,$552.50 ,53.80%,1999^
33,Alice in Wonderland (2010),BV,"$1,025.50 ",$334.20 ,32.60%,$691.30 ,67.40%,2010
34,Zootopia,BV,"$1,023.80 ",$341.30 ,33.30%,$682.50 ,66.70%,2016
35,The Hobbit: An Unexpected Journey,WB (NL),"$1,021.10 ",$303.00 ,29.70%,$718.10 ,70.30%,2012
36,The Dark Knight,WB,"$1,004.60 ",$534.90 ,53.20%,$469.70 ,46.80%,2008^
37,Harry Potter and the Sorcerer's Stone,WB,$974.80 ,$317.60 ,32.60%,$657.20 ,67.40%,2001
38,Despicable Me 2,Uni.,$970.80 ,$368.10 ,37.90%,$602.70 ,62.10%,2013
39,The Lion King,BV,$968.50 ,$422.80 ,43.70%,$545.70 ,56.30%,1994^
40,The Jungle Book (2016),BV,$966.60 ,$364.00 ,37.70%,$602.50 ,62.30%,2016
41,Pirates of the Caribbean: At World's End,BV,$963.40 ,$309.40 ,32.10%,$654.00 ,67.90%,2007
42,Jumanji: Welcome to the Jungle,Sony,$962.10 ,$404.50 ,42.00%,$557.60 ,58.00%,2017
43,Harry Potter and the Deathly Hallows Part 1,WB,$960.30 ,$296.00 ,30.80%,$664.30 ,69.20%,2010
44,The Hobbit: The Desolation of Smaug,WB (NL),$958.40 ,$258.40 ,27.00%,$700.00 ,73.00%,2013
45,The Hobbit: The Battle of the Five Armies,WB (NL),$956.00 ,$255.10 ,26.70%,$700.90 ,73.30%,2014
46,Finding Nemo,BV,$940.30 ,$380.80 ,40.50%,$559.50 ,59.50%,2003^
47,Harry Potter and the Order of the Phoenix,WB,$939.90 ,$292.00 ,31.10%,$647.90 ,68.90%,2007
48,Harry Potter and the Half-Blood Prince,WB,$934.40 ,$302.00 ,32.30%,$632.50 ,67.70%,2009
49,The Lord of the Rings: The Two Towers,NL,$926.00 ,$342.60 ,37.00%,$583.50 ,63.00%,2002^
50,Shrek 2,DW,$919.80 ,$441.20 ,48.00%,$478.60 ,52.00%,2004
51,Harry Potter and the Goblet of Fire,WB,$896.90 ,$290.00 ,32.30%,$606.90 ,67.70%,2005
52,Spider-Man 3,Sony,$890.90 ,$336.50 ,37.80%,$554.30 ,62.20%,2007
53,Ice Age: Dawn of the Dinosaurs,Fox,$886.70 ,$196.60 ,22.20%,$690.10 ,77.80%,2009
54,Spectre,Sony,$880.70 ,$200.10 ,22.70%,$680.60 ,77.30%,2015
55,Spider-Man: Homecoming,Sony,$880.20 ,$334.20 ,38.00%,$546.00 ,62.00%,2017
56,Harry Potter and the Chamber of Secrets,WB,$879.00 ,$262.00 ,29.80%,$617.00 ,70.20%,2002
57,Ice Age: Continental Drift,Fox,$877.20 ,$161.30 ,18.40%,$715.90 ,81.60%,2012
58,The Secret Life of Pets,Uni.,$875.50 ,$368.40 ,42.10%,$507.10 ,57.90%,2016
59,Batman v Superman: Dawn of Justice,WB,$873.60 ,$330.40 ,37.80%,$543.30 ,62.20%,2016
60,The Lord of the Rings: The Fellowship of the Ring,NL,$871.50 ,$315.50 ,36.20%,$556.00 ,63.80%,2001^
61,Wolf Warrior 2,HC,$870.30 ,$2.70 ,0.30%,$867.60 ,99.70%,2017
62,The Hunger Games: Catching Fire,LGF,$865.00 ,$424.70 ,49.10%,$440.30 ,50.90%,2013
63,Guardians of the Galaxy Vol. 2,BV,$863.80 ,$389.80 ,45.10%,$473.90 ,54.90%,2017
64,Inside Out,BV,$857.60 ,$356.50 ,41.60%,$501.10 ,58.40%,2015
65,Thor: Ragnarok,BV,$854.00 ,$315.10 ,36.90%,$538.90 ,63.10%,2017
66,Star Wars: Episode III - Revenge of the Sith,Fox,$848.80 ,$380.30 ,44.80%,$468.50 ,55.20%,2005^
67,Transformers: Revenge of the Fallen,P/DW,$836.30 ,$402.10 ,48.10%,$434.20 ,51.90%,2009
68,The Twilight Saga: Breaking Dawn Part 2,LG/S,$829.70 ,$292.30 ,35.20%,$537.40 ,64.80%,2012
69,Inception,WB,$828.30 ,$292.60 ,35.30%,$535.70 ,64.70%,2010
70,Wonder Woman,WB,$821.80 ,$412.60 ,50.20%,$409.30 ,49.80%,2017
71,Spider-Man,Sony,$821.70 ,$403.70 ,49.10%,$418.00 ,50.90%,2002
72,Independence Day,Fox,$817.40 ,$306.20 ,37.50%,$511.20 ,62.50%,1996^
73,Fantastic Beasts and Where To Find Them,WB,$814.00 ,$234.00 ,28.80%,$580.00 ,71.20%,2016
74,Coco,BV,$807.10 ,$209.70 ,26.00%,$597.40 ,74.00%,2017
75,Shrek the Third,P/DW,$799.00 ,$322.70 ,40.40%,$476.20 ,59.60%,2007
76,Harry Potter and the Prisoner of Azkaban,WB,$796.70 ,$249.50 ,31.30%,$547.10 ,68.70%,2004
77,Pirates of the Caribbean: Dead Men Tell No Tales,BV,$794.90 ,$172.60 ,21.70%,$622.30 ,78.30%,2017
78,E.T.: The Extra-Terrestrial,Uni.,$792.90 ,$435.10 ,54.90%,$357.80 ,45.10%,1982^
79,Mission: Impossible - Fallout,Par.,$789.90 ,$219.40 ,27.80%,$570.50 ,72.20%,2018
80,Fast & Furious 6,Uni.,$788.70 ,$238.70 ,30.30%,$550.00 ,69.70%,2013
81,Indiana Jones and the Kingdom of the Crystal Skull,Par.,$786.60 ,$317.10 ,40.30%,$469.50 ,59.70%,2008
82,Spider-Man 2,Sony,$783.80 ,$373.60 ,47.70%,$410.20 ,52.30%,2004
83,Deadpool,Fox,$783.10 ,$363.10 ,46.40%,$420.00 ,53.60%,2016
84,Star Wars,Fox,$775.40 ,$461.00 ,59.50%,$314.40 ,40.50%,1977^
85,Guardians of the Galaxy,BV,$773.30 ,$333.20 ,43.10%,$440.20 ,56.90%,2014
86,2012,Sony,$769.70 ,$166.10 ,21.60%,$603.60 ,78.40%,2009
87,Maleficent,BV,$758.50 ,$241.40 ,31.80%,$517.10 ,68.20%,2014
88,The Da Vinci Code,Sony,$758.20 ,$217.50 ,28.70%,$540.70 ,71.30%,2006
89,The Amazing Spider-Man,Sony,$757.90 ,$262.00 ,34.60%,$495.90 ,65.40%,2012
90,The Hunger Games: Mockingjay - Part 1,LGF,$755.40 ,$337.10 ,44.60%,$418.20 ,55.40%,2014
91,Shrek Forever After,P/DW,$752.60 ,$238.70 ,31.70%,$513.90 ,68.30%,2010
92,X-Men: Days of Future Past,Fox,$747.90 ,$233.90 ,31.30%,$513.90 ,68.70%,2014
93,Madagascar 3: Europe's Most Wanted,P/DW,$746.90 ,$216.40 ,29.00%,$530.50 ,71.00%,2012
94,Suicide Squad,WB,$746.80 ,$325.10 ,43.50%,$421.70 ,56.50%,2016
95,"The Chronicles of Narnia: The Lion, the Witch and the Wardrobe",BV,$745.00 ,$291.70 ,39.20%,$453.30 ,60.80%,2005
96,Monsters University,BV,$744.20 ,$268.50 ,36.10%,$475.70 ,63.90%,2013
97,The Matrix Reloaded,WB,$742.10 ,$281.60 ,37.90%,$460.60 ,62.10%,2003
98,Up,BV,$735.10 ,$293.00 ,39.90%,$442.10 ,60.10%,2009
99,Deadpool 2,Fox,$734.20 ,$318.50 ,43.40%,$415.80 ,56.60%,2018
100,Gravity,WB,$723.20 ,$274.10 ,37.90%,$449.10 ,62.10%,2013
Rank,Title,Studio,Worldwide,Domestic / %,,Overseas / %,,Year^
101,Captain America: The Winter Soldier,BV,$714.30 ,$259.80 ,36.40%,$454.50 ,63.60%,2014
102,The Twilight Saga: Breaking Dawn Part 1,Sum.,$712.20 ,$281.30 ,39.50%,$430.90 ,60.50%,2011
103,Dawn of the Planet of the Apes,Fox,$710.60 ,$208.50 ,29.30%,$502.10 ,70.70%,2014
104,The Twilight Saga: New Moon,Sum.,$709.70 ,$296.60 ,41.80%,$413.10 ,58.20%,2009
105,Transformers,P/DW,$709.70 ,$319.20 ,45.00%,$390.50 ,55.00%,2007
106,The Amazing Spider-Man 2,Sony,$709.00 ,$202.90 ,28.60%,$506.10 ,71.40%,2014
107,It,WB (NL),$700.40 ,$327.50 ,46.80%,$372.90 ,53.20%,2017
108,The Twilight Saga: Eclipse,Sum.,$698.50 ,$300.50 ,43.00%,$398.00 ,57.00%,2010
109,Mission: Impossible - Ghost Protocol,Par.,$694.70 ,$209.40 ,30.10%,$485.30 ,69.90%,2011
110,The Hunger Games,LGF,$694.40 ,$408.00 ,58.80%,$286.40 ,41.20%,2012
111,Mission: Impossible - Rogue Nation,Par.,$682.70 ,$195.00 ,28.60%,$487.70 ,71.40%,2015
112,Forrest Gump,Par.,$677.90 ,$330.30 ,48.70%,$347.70 ,51.30%,1994^
113,Doctor Strange,BV,$677.70 ,$232.60 ,34.30%,$445.10 ,65.70%,2016
114,Interstellar,Par.,$677.50 ,$188.00 ,27.80%,$489.40 ,72.20%,2014
115,The Sixth Sense,BV,$672.80 ,$293.50 ,43.60%,$379.30 ,56.40%,1999
116,Man of Steel,WB,$668.00 ,$291.00 ,43.60%,$377.00 ,56.40%,2013
117,Kung Fu Panda 2,P/DW,$665.70 ,$165.20 ,24.80%,$500.40 ,75.20%,2011
118,Ice Age: The Meltdown,Fox,$660.90 ,$195.30 ,29.60%,$465.60 ,70.40%,2006
119,Justice League,WB,$657.90 ,$229.00 ,34.80%,$428.90 ,65.20%,2017
120,Big Hero 6,BV,$657.80 ,$222.50 ,33.80%,$435.30 ,66.20%,2014
121,Pirates of the Caribbean: The Curse of the Black Pearl,BV,$654.30 ,$305.40 ,46.70%,$348.90 ,53.30%,2003
122,The Hunger Games: Mockingjay - Part 2,LGF,$653.40 ,$281.70 ,43.10%,$371.70 ,56.90%,2015
123,Star Wars: Episode II - Attack of the Clones,Fox,$649.40 ,$310.70 ,47.80%,$338.70 ,52.20%,2002^
124,Thor: The Dark World,BV,$644.60 ,$206.40 ,32.00%,$438.20 ,68.00%,2013
125,Moana,BV,$643.30 ,$248.80 ,38.70%,$394.60 ,61.30%,2016
126,Sing,Uni.,$634.20 ,$270.40 ,42.60%,$363.80 ,57.40%,2016
127,The Incredibles,BV,$633.00 ,$261.40 ,41.30%,$371.60 ,58.70%,2004
128,Kung Fu Panda,P/DW,$631.70 ,$215.40 ,34.10%,$416.30 ,65.90%,2008
129,The Martian,Fox,$630.20 ,$228.40 ,36.20%,$401.70 ,63.80%,2015
130,Fast Five,Uni.,$626.10 ,$209.80 ,33.50%,$416.30 ,66.50%,2011
131,Hancock,Sony,$624.40 ,$227.90 ,36.50%,$396.40 ,63.50%,2008
132,MIB 3,Sony,$624.00 ,$179.00 ,28.70%,$445.00 ,71.30%,2012
133,Iron Man 2,Par.,$623.90 ,$312.40 ,50.10%,$311.50 ,49.90%,2010
134,How to Train Your Dragon 2,Fox,$621.50 ,$177.00 ,28.50%,$444.50 ,71.50%,2014
135,Ant-Man and the Wasp,BV,$621.50 ,$216.20 ,34.80%,$405.20 ,65.20%,2018
136,Ratatouille,BV,$620.70 ,$206.40 ,33.30%,$414.30 ,66.70%,2007
137,Logan,Fox,$619.00 ,$226.30 ,36.60%,$392.70 ,63.40%,2017
138,The Lost World: Jurassic Park,Uni.,$618.60 ,$229.10 ,37.00%,$389.60 ,63.00%,1997
139,The Passion of the Christ,NM,$611.90 ,$370.80 ,60.60%,$241.10 ,39.40%,2004^
140,Mamma Mia!,Uni.,$609.80 ,$144.10 ,23.60%,$465.70 ,76.40%,2008
141,Life of Pi,Fox,$609.00 ,$125.00 ,20.50%,$484.00 ,79.50%,2012
142,Transformers: The Last Knight,Par.,$605.40 ,$130.20 ,21.50%,$475.30 ,78.50%,2017
143,Madagascar: Escape 2 Africa,P/DW,$603.90 ,$180.00 ,29.80%,$423.90 ,70.20%,2008
144,Casino Royale,Sony,$599.00 ,$167.40 ,28.00%,$431.60 ,72.00%,2006
145,Tangled,BV,$591.80 ,$200.80 ,33.90%,$391.00 ,66.10%,2010
146,War of the Worlds,Par.,$591.70 ,$234.30 ,39.60%,$357.50 ,60.40%,2005
147,Men in Black,Sony,$589.40 ,$250.70 ,42.50%,$338.70 ,57.50%,1997
148,The Croods,Fox,$587.20 ,$187.20 ,31.90%,$400.00 ,68.10%,2013
149,The Hangover Part II,WB,$586.80 ,$254.50 ,43.40%,$332.30 ,56.60%,2011
150,Quantum of Solace,Sony,$586.10 ,$168.40 ,28.70%,$417.70 ,71.30%,2008
151,I Am Legend,WB,$585.30 ,$256.40 ,43.80%,$329.00 ,56.20%,2007
152,Iron Man,Par.,$585.20 ,$318.40 ,54.40%,$266.80 ,45.60%,2008
153,Ready Player One,WB,$582.20 ,$137.00 ,23.50%,$445.20 ,76.50%,2018
154,Operation Red Sea,WGUSA,$579.20 ,$1.50 ,0.30%,$577.70 ,99.70%,2018
155,"Monsters, Inc.",BV,$577.40 ,$289.90 ,50.20%,$287.50 ,49.80%,2001^
156,Night at the Museum,Fox,$574.50 ,$250.90 ,43.70%,$323.60 ,56.30%,2006
157,Fifty Shades of Grey,Uni.,$571.00 ,$166.20 ,29.10%,$404.80 ,70.90%,2015
158,Kong: Skull Island,WB,$566.70 ,$168.10 ,29.70%,$398.60 ,70.30%,2017
159,The Smurfs,Sony,$563.70 ,$142.60 ,25.30%,$421.10 ,74.70%,2011
160,Cars 2,BV,$562.10 ,$191.50 ,34.10%,$370.70 ,65.90%,2011
161,Puss in Boots,P/DW,$555.00 ,$149.30 ,26.90%,$405.70 ,73.10%,2011
162,The Mermaid (Mei ren yu),Sony,$553.80 ,$3.20 ,0.60%,$550.60 ,99.40%,2016
163,Armageddon,BV,$553.70 ,$201.60 ,36.40%,$352.10 ,63.60%,1998
164,King Kong,Uni.,$550.50 ,$218.10 ,39.60%,$332.40 ,60.40%,2005
165,Ted,Uni.,$549.40 ,$218.80 ,39.80%,$330.60 ,60.20%,2012
166,American Sniper,WB,$547.40 ,$350.10 ,64.00%,$197.30 ,36.00%,2014
167,Mission: Impossible II,Par.,$546.40 ,$215.40 ,39.40%,$331.00 ,60.60%,2000
168,Sherlock Holmes: A Game of Shadows,WB,$545.40 ,$186.80 ,34.30%,$358.60 ,65.70%,2011
169,The Day After Tomorrow,Fox,$544.30 ,$186.70 ,34.30%,$357.50 ,65.70%,2004
170,Detective Chinatown 2,WB,$544.10 ,$2.00 ,0.40%,$542.10 ,99.60%,2018
171,X-Men: Apocalypse,Fox,$543.90 ,$155.40 ,28.60%,$388.50 ,71.40%,2016
172,Cinderella (2015),BV,$543.50 ,$201.20 ,37.00%,$342.40 ,63.00%,2015
173,Despicable Me,Uni.,$543.10 ,$251.50 ,46.30%,$291.60 ,53.70%,2010
174,Brave,BV,$540.40 ,$237.30 ,43.90%,$303.20 ,56.10%,2012
175,World War Z,Par.,$540.00 ,$202.40 ,37.50%,$337.60 ,62.50%,2013
176,The Empire Strikes Back,Fox,$538.40 ,$290.50 ,54.00%,$247.90 ,46.00%,1980^
177,WALL-E,BV,$533.30 ,$223.80 ,42.00%,$309.50 ,58.00%,2008
178,The Revenant,Fox,$533.00 ,$183.60 ,34.50%,$349.30 ,65.50%,2015
179,Madagascar,DW,$532.70 ,$193.60 ,36.30%,$339.10 ,63.70%,2005
180,Godzilla (2014),WB,$529.10 ,$200.70 ,37.90%,$328.40 ,62.10%,2014
181,The Boss Baby,Fox,$528.00 ,$175.00 ,33.10%,$353.00 ,66.90%,2017
182,Dunkirk,WB,$527.30 ,$190.10 ,36.00%,$337.20 ,64.00%,2017^
183,The Simpsons Movie,Fox,$527.10 ,$183.10 ,34.70%,$343.90 ,65.30%,2007
184,The Meg,WB,$525.40 ,$142.20 ,27.10%,$383.20 ,72.90%,2018
185,Sherlock Holmes,WB,$524.00 ,$209.00 ,39.90%,$315.00 ,60.10%,2009
186,Kung Fu Panda 3,Fox,$521.20 ,$143.50 ,27.50%,$377.60 ,72.50%,2016
187,Terminator 2: Judgment Day,TriS,$520.90 ,$205.90 ,39.50%,$315.00 ,60.50%,1991^
188,Ant-Man,BV,$519.30 ,$180.20 ,34.70%,$339.10 ,65.30%,2015
189,Meet the Fockers,Uni.,$516.60 ,$279.30 ,54.10%,$237.40 ,45.90%,2004
190,Hotel Transylvania 3: Summer Vacation,Sony,$511.60 ,$166.40 ,32.50%,$345.20 ,67.50%,2018
191,Ghost,Par.,$505.70 ,$217.60 ,43.00%,$288.10 ,57.00%,1990
192,Aladdin,BV,$504.10 ,$217.40 ,43.10%,$286.70 ,56.90%,1992
193,Rio 2,Fox,$500.10 ,$131.50 ,26.30%,$368.60 ,73.70%,2014
194,Troy,WB,$497.40 ,$133.40 ,26.80%,$364.00 ,73.20%,2004
195,Toy Story 2,BV,$497.40 ,$245.90 ,49.40%,$251.50 ,50.60%,1999^
196,How to Train Your Dragon,P/DW,$494.90 ,$217.60 ,44.00%,$277.30 ,56.00%,2010
197,Twister,WB,$494.50 ,$241.70 ,48.90%,$252.80 ,51.10%,1996
198,Teenage Mutant Ninja Turtles (2014),Par.,$493.30 ,$191.20 ,38.80%,$302.10 ,61.20%,2014
199,Oz The Great and Powerful,BV,$493.30 ,$234.90 ,47.60%,$258.40 ,52.40%,2013
200,Clash of the Titans (2010),WB,$493.20 ,$163.20 ,33.10%,$330.00 ,66.90%,2010
Rank,Title,Studio,Worldwide,Domestic / %,,Overseas / %,,Year^
201,War for the Planet of the Apes,Fox,$490.70 ,$146.90 ,29.90%,$343.80 ,70.10%,2017
202,Angels & Demons,Sony,$485.90 ,$133.40 ,27.40%,$352.60 ,72.60%,2009
203,Rio,Fox,$484.60 ,$143.60 ,29.60%,$341.00 ,70.40%,2011
204,Bruce Almighty,Uni.,$484.60 ,$242.80 ,50.10%,$241.80 ,49.90%,2003
205,Shrek,DW,$484.40 ,$267.70 ,55.30%,$216.70 ,44.70%,2001
206,Saving Private Ryan,DW,$481.80 ,$216.50 ,44.90%,$265.30 ,55.10%,1998
207,Rise of the Planet of the Apes,Fox,$481.80 ,$176.80 ,36.70%,$305.00 ,63.30%,2011
208,Mr. & Mrs. Smith,Fox,$478.20 ,$186.30 ,39.00%,$291.90 ,61.00%,2005
209,Home Alone,Fox,$476.70 ,$285.80 ,59.90%,$190.90 ,40.10%,1990
210,Return of the Jedi,Fox,$475.10 ,$309.30 ,65.10%,$165.80 ,34.90%,1983^
211,Charlie and the Chocolate Factory,WB,$475.00 ,$206.50 ,43.50%,$268.50 ,56.50%,2005
212,Hotel Transylvania 2,Sony,$474.80 ,$169.70 ,35.70%,$305.10 ,64.30%,2015
213,Indiana Jones and the Last Crusade,Par.,$474.20 ,$197.20 ,41.60%,$277.00 ,58.40%,1989
214,San Andreas,WB (NL),$474.00 ,$155.20 ,32.70%,$318.80 ,67.30%,2015
215,Wreck-It Ralph,BV,$471.20 ,$189.40 ,40.20%,$281.80 ,59.80%,2012
216,Jaws,Uni.,$470.70 ,$260.00 ,55.20%,$210.70 ,44.80%,1975
217,The LEGO Movie,WB,$469.20 ,$257.80 ,54.90%,$211.40 ,45.10%,2014
218,The Hangover,WB,$467.50 ,$277.30 ,59.30%,$190.20 ,40.70%,2009
219,Star Trek Into Darkness,Par.,$467.40 ,$228.80 ,48.90%,$238.60 ,51.10%,2013
220,The Matrix,WB,$463.50 ,$171.50 ,37.00%,$292.00 ,63.00%,1999
221,Pretty Woman,BV,$463.40 ,$178.40 ,38.50%,$285.00 ,61.50%,1990
222,Lucy,Uni.,$463.40 ,$126.70 ,27.30%,$336.70 ,72.70%,2014
223,Cars,BV,$462.20 ,$244.10 ,52.80%,$218.10 ,47.20%,2006
224,Gladiator,DW,$460.60 ,$187.70 ,40.80%,$272.90 ,59.20%,2000
225,X-Men: The Last Stand,Fox,$459.40 ,$234.40 ,51.00%,$225.00 ,49.00%,2006
226,Mission: Impossible,Par.,$457.70 ,$181.00 ,39.50%,$276.70 ,60.50%,1996
227,National Treasure: Book of Secrets,BV,$457.40 ,$220.00 ,48.10%,$237.40 ,51.90%,2007
228,The Last Samurai,WB,$456.80 ,$111.10 ,24.30%,$345.60 ,75.70%,2003
229,300,WB,$456.10 ,$210.60 ,46.20%,$245.50 ,53.80%,2007
230,Ocean's Eleven,WB,$450.70 ,$183.40 ,40.70%,$267.30 ,59.30%,2001
231,Thor,Par.,$449.30 ,$181.00 ,40.30%,$268.30 ,59.70%,2011
232,Pearl Harbor,BV,$449.20 ,$198.50 ,44.20%,$250.70 ,55.80%,2001
233,Tarzan,BV,$448.20 ,$171.10 ,38.20%,$277.10 ,61.80%,1999
234,La La Land,LG/S,$446.10 ,$151.10 ,33.90%,$295.00 ,66.10%,2016
235,Alvin and the Chipmunks: The Squeakquel,Fox,$443.10 ,$219.60 ,49.60%,$223.50 ,50.40%,2009
236,The Bourne Ultimatum,Uni.,$442.80 ,$227.50 ,51.40%,$215.40 ,48.60%,2007
237,Men in Black II,Sony,$441.80 ,$190.40 ,43.10%,$251.40 ,56.90%,2002
238,Les Miserables (2012),Uni.,$441.80 ,$148.80 ,33.70%,$293.00 ,66.30%,2012
239,The Exorcist,WB,$441.30 ,$232.90 ,52.80%,$208.40 ,47.20%,1973^
240,Mrs. Doubtfire,Fox,$441.30 ,$219.20 ,49.70%,$222.10 ,50.30%,1993
241,Terminator: Genisys,Par.,$440.60 ,$89.80 ,20.40%,$350.80 ,79.60%,2015
242,The Greatest Showman,Fox,$435.00 ,$174.30 ,40.10%,$260.70 ,59.90%,2017
243,Warcraft,Uni.,$433.70 ,$47.40 ,10.90%,$386.30 ,89.10%,2016
244,Terminator 3: Rise of the Machines,WB,$433.40 ,$150.40 ,34.70%,$283.00 ,65.30%,2003
245,The Mummy Returns,Uni.,$433.00 ,$202.00 ,46.70%,$231.00 ,53.30%,2001
246,Die Another Day,MGM,$432.00 ,$160.90 ,37.30%,$271.00 ,62.70%,2002
247,Cast Away,Fox,$429.60 ,$233.60 ,54.40%,$196.00 ,45.60%,2000
248,The Matrix Revolutions,WB,$427.30 ,$139.30 ,32.60%,$288.00 ,67.40%,2003
249,The Intouchables (U.S.-only),Wein.,$426.60 ,$10.20 ,2.40%,$416.40 ,97.60%,2012
250,Rampage (2018),WB (NL),$426.30 ,$99.30 ,23.30%,$327.00 ,76.70%,2018
251,Django Unchained,Wein.,$425.40 ,$162.80 ,38.30%,$262.60 ,61.70%,2012
252,Beauty and the Beast,BV,$425.00 ,$219.00 ,51.50%,$206.00 ,48.50%,1991^
253,Dances with Wolves,Orion,$424.20 ,$184.20 ,43.40%,$240.00 ,56.60%,1990
254,The Chronicles of Narnia: Prince Caspian,BV,$419.70 ,$141.60 ,33.70%,$278.00 ,66.30%,2008
255,The Mummy,Uni.,$415.90 ,$155.40 ,37.40%,$260.50 ,62.60%,1999
256,The Chronicles of Narnia: The Voyage of the Dawn Treader,Fox,$415.70 ,$104.40 ,25.10%,$311.30 ,74.90%,2010
257,Jason Bourne,Uni.,$415.50 ,$162.40 ,39.10%,$253.10 ,60.90%,2016
258,Sex and the City,WB (NL),$415.30 ,$152.60 ,36.80%,$262.60 ,63.20%,2008
259,The Wolverine,Fox,$414.80 ,$132.60 ,32.00%,$282.30 ,68.00%,2013
260,Kingsman: The Secret Service,Fox,$414.40 ,$128.30 ,31.00%,$286.10 ,69.00%,2015
261,The King's Speech,Wein.,$414.20 ,$138.80 ,33.50%,$275.40 ,66.50%,2010^
262,Night at the Museum: Battle of the Smithsonian,Fox,$413.10 ,$177.20 ,42.90%,$235.90 ,57.10%,2009
263,Batman,WB,$411.30 ,$251.20 ,61.10%,$160.20 ,38.90%,1989
264,The Bodyguard,WB,$411.00 ,$122.00 ,29.70%,$289.00 ,70.30%,1992^
265,Pacific Rim,WB,$411.00 ,$101.80 ,24.80%,$309.20 ,75.20%,2013
266,Kingsman: The Golden Circle,Fox,$410.90 ,$100.20 ,24.40%,$310.70 ,75.60%,2017
267,The Mummy (2017),Uni.,$409.20 ,$80.20 ,19.60%,$329.00 ,80.40%,2017
268,Ice Age: Collision Course,Fox,$408.60 ,$64.10 ,15.70%,$344.50 ,84.30%,2016
269,Signs,BV,$408.20 ,$228.00 ,55.80%,$180.30 ,44.20%,2002
270,X2: X-Men United,Fox,$407.70 ,$214.90 ,52.70%,$192.80 ,47.30%,2003
271,Prometheus,Fox,$403.40 ,$126.50 ,31.40%,$276.90 ,68.60%,2012
272,The Mummy: Tomb of the Dragon Emperor,Uni.,$401.10 ,$102.50 ,25.60%,$298.60 ,74.40%,2008
273,Gone with the Wind,MGM,$400.20 ,$198.70 ,49.60%,$201.50 ,50.40%,1939^
274,Tron Legacy,BV,$400.10 ,$172.10 ,43.00%,$228.00 ,57.00%,2010
275,Mission: Impossible III,Par.,$397.90 ,$134.00 ,33.70%,$263.80 ,66.30%,2006
276,Snow White and the Huntsman,Uni.,$396.60 ,$155.30 ,39.20%,$241.30 ,60.80%,2012
277,Grease,Par.,$395.00 ,$188.80 ,47.80%,$206.20 ,52.20%,1978^
278,Twilight,Sum.,$393.60 ,$192.80 ,49.00%,$200.80 ,51.00%,2008
279,Solo: A Star Wars Story,BV,$392.80 ,$213.80 ,54.40%,$179.10 ,45.60%,2018
280,The Wolf of Wall Street,Par.,$392.00 ,$116.90 ,29.80%,$275.10 ,70.20%,2013
281,Superman Returns,WB,$391.10 ,$200.10 ,51.20%,$191.00 ,48.80%,2006
282,Mamma Mia! Here We Go Again,Uni.,$390.70 ,$120.50 ,30.80%,$270.20 ,69.20%,2018
283,Robin Hood: Prince of Thieves,WB,$390.50 ,$165.50 ,42.40%,$225.00 ,57.60%,1991
284,Raiders of the Lost Ark,Par.,$389.90 ,$248.20 ,63.60%,$141.80 ,36.40%,1981^
285,Independence Day: Resurgence,Fox,$389.70 ,$103.10 ,26.50%,$286.50 ,73.50%,2016
286,Home (2015),Fox,$386.00 ,$177.40 ,46.00%,$208.60 ,54.00%,2015
287,Star Trek,Par.,$385.70 ,$257.70 ,66.80%,$128.00 ,33.20%,2009
288,Monster Hunt,FR,$385.30 ,$32.8k,0.00%,$385.30 ,100.00%,2016
289,Happy Feet,WB,$384.30 ,$198.00 ,51.50%,$186.30 ,48.50%,2006
290,Cars 3,BV,$383.90 ,$152.90 ,39.80%,$231.00 ,60.20%,2017
291,Live Free or Die Hard,Fox,$383.50 ,$134.50 ,35.10%,$249.00 ,64.90%,2007
292,Ice Age,Fox,$383.30 ,$176.40 ,46.00%,$206.90 ,54.00%,2002
293,Monsters Vs. Aliens,P/DW,$381.50 ,$198.40 ,52.00%,$183.20 ,48.00%,2009
294,Back to the Future,Uni.,$381.10 ,$210.60 ,55.30%,$170.50 ,44.70%,1985
295,Godzilla,Sony,$379.00 ,$136.30 ,36.00%,$242.70 ,64.00%,1998
296,True Lies,Fox,$378.90 ,$146.30 ,38.60%,$232.60 ,61.40%,1994
297,Mad Max: Fury Road,WB,$378.90 ,$154.10 ,40.70%,$224.80 ,59.30%,2015^
298,Slumdog Millionaire,FoxS,$377.90 ,$141.30 ,37.40%,$236.60 ,62.60%,2008
299,Fifty Shades Darker,Uni.,$377.00 ,$114.60 ,30.40%,$262.40 ,69.60%,2017
300,Taken 2,Fox,$376.10 ,$139.90 ,37.20%,$236.30 ,62.80%,2012
Rank,Title,Studio,Worldwide,Domestic / %,,Overseas / %,,Year^
301,G.I. Joe: Retaliation,Par.,$375.70 ,$122.50 ,32.60%,$253.20 ,67.40%,2013
302,Batman Begins,WB,$374.20 ,$206.90 ,55.30%,$167.40 ,44.70%,2005^
303,What Women Want,Par.,$374.10 ,$182.80 ,48.90%,$191.30 ,51.10%,2000
304,The Adventures of Tintin,Par.,$374.00 ,$77.60 ,20.70%,$296.40 ,79.30%,2011
305,Toy Story,BV,$373.60 ,$191.80 ,51.30%,$181.80 ,48.70%,1995^
306,X-Men Origins: Wolverine,Fox,$373.10 ,$179.90 ,48.20%,$193.20 ,51.80%,2009
307,Penguins of Madagascar,Fox,$373.00 ,$83.40 ,22.30%,$289.70 ,77.70%,2014
308,The Golden Compass,NL,$372.20 ,$70.10 ,18.80%,$302.10 ,81.20%,2007
309,Terminator Salvation,WB,$371.40 ,$125.30 ,33.70%,$246.00 ,66.30%,2009
310,Fifty Shades Freed,Uni.,$371.10 ,$100.40 ,27.10%,$270.70 ,72.90%,2018
311,Captain America: The First Avenger,Par.,$370.60 ,$176.70 ,47.70%,$193.90 ,52.30%,2011
312,Edge of Tomorrow,WB,$370.50 ,$100.20 ,27.00%,$270.30 ,73.00%,2014
313,There's Something About Mary,Fox,$369.90 ,$176.50 ,47.70%,$193.40 ,52.30%,1998
314,Gone Girl,Fox,$369.30 ,$167.80 ,45.40%,$201.60 ,54.60%,2014
315,The Fugitive,WB,$368.90 ,$183.90 ,49.80%,$185.00 ,50.20%,1993
316,Jurassic Park III,Uni.,$368.80 ,$181.20 ,49.10%,$187.60 ,50.90%,2001
317,My Big Fat Greek Wedding,IFC,$368.70 ,$241.40 ,65.50%,$127.30 ,34.50%,2002
318,Hitch,Sony,$368.10 ,$179.50 ,48.80%,$188.60 ,51.20%,2005
319,Shark Tale,DW,$367.30 ,$160.90 ,43.80%,$206.40 ,56.20%,2004
320,Die Hard: With A Vengeance,Fox,$366.10 ,$100.00 ,27.30%,$266.10 ,72.70%,1995
321,Notting Hill,Uni.,$363.90 ,$116.10 ,31.90%,$247.80 ,68.10%,1999
322,A Bug's Life,BV,$363.30 ,$162.80 ,44.80%,$200.50 ,55.20%,1998
323,Night at the Museum: Secret of the Tomb,Fox,$363.20 ,$113.70 ,31.30%,$249.50 ,68.70%,2014
324,Fast and Furious,Uni.,$363.20 ,$155.10 ,42.70%,$208.10 ,57.30%,2009
325,Ocean's Twelve,WB,$362.70 ,$125.50 ,34.60%,$237.20 ,65.40%,2004
326,Noah,Par.,$362.60 ,$101.20 ,27.90%,$261.40 ,72.10%,2014
327,Planet of the Apes (2001),Fox,$362.20 ,$180.00 ,49.70%,$182.20 ,50.30%,2001
328,The Hangover Part III,WB,$362.00 ,$112.20 ,31.00%,$249.80 ,69.00%,2013
329,The World Is Not Enough,MGM,$361.80 ,$126.90 ,35.10%,$234.90 ,64.90%,1999
330,Monster Hunt 2,LGF,$361.70 ,$706k,0.20%,$361.00 ,99.80%,2018
331,Alvin and the Chipmunks,Fox,$361.30 ,$217.30 ,60.10%,$144.00 ,39.90%,2007
332,The Karate Kid,Sony,$359.10 ,$176.60 ,49.20%,$182.50 ,50.80%,2010
333,Home Alone 2: Lost in New York,Fox,$359.00 ,$173.60 ,48.40%,$185.40 ,51.60%,1992
334,Hotel Transylvania,Sony,$358.40 ,$148.30 ,41.40%,$210.10 ,58.60%,2012
335,Minority Report,Fox,$358.40 ,$132.10 ,36.90%,$226.30 ,63.10%,2002
336,Your Name.,FUN,$358.00 ,$5.00 ,1.40%,$353.00 ,98.60%,2017
337,Top Gun,Par.,$356.80 ,$179.80 ,50.40%,$177.00 ,49.60%,1986^
338,The Legend of Tarzan,WB,$356.70 ,$126.60 ,35.50%,$230.10 ,64.50%,2016
339,American Beauty,DW,$356.30 ,$130.10 ,36.50%,$226.20 ,63.50%,1999
340,Apollo 13,Uni.,$355.20 ,$173.80 ,48.90%,$181.40 ,51.10%,1995^
341,Rain Man,MGM,$354.80 ,$172.80 ,48.70%,$182.00 ,51.30%,1988
342,The Great Gatsby (2013),WB,$353.60 ,$144.80 ,41.00%,$208.80 ,59.00%,2013
343,X-Men: First Class,Fox,$353.60 ,$146.40 ,41.40%,$207.20 ,58.60%,2011
344,Basic Instinct,TriS,$352.90 ,$117.70 ,33.40%,$235.20 ,66.60%,1992
345,Murder on the Orient Express (2017),Fox,$352.80 ,$102.80 ,29.10%,$250.00 ,70.90%,2017
346,The Angry Birds Movie,Sony,$352.30 ,$107.50 ,30.50%,$244.80 ,69.50%,2016
347,GoldenEye,MGM,$352.20 ,$106.40 ,30.20%,$245.80 ,69.80%,1995
348,Catch Me If You Can,DW,$352.10 ,$164.60 ,46.80%,$187.50 ,53.20%,2002
349,Now You See Me,LG/S,$351.70 ,$117.70 ,33.50%,$234.00 ,66.50%,2013
350,Hannibal,MGM,$351.70 ,$165.10 ,46.90%,$186.60 ,53.10%,2001
351,The Mask,NL,$351.60 ,$119.90 ,34.10%,$231.60 ,65.90%,1994
352,Peter Rabbit,Sony,$351.30 ,$115.30 ,32.80%,$236.00 ,67.20%,2018
353,Speed,Fox,$350.40 ,$121.20 ,34.60%,$229.20 ,65.40%,1994
354,Dinosaur,BV,$349.80 ,$137.70 ,39.40%,$212.10 ,60.60%,2000
355,Deep Impact,Par.,$349.50 ,$140.50 ,40.20%,$209.00 ,59.80%,1998
356,Dr. Seuss' The Lorax,Uni.,$348.80 ,$214.00 ,61.40%,$134.80 ,38.60%,2012
357,The Maze Runner,Fox,$348.30 ,$102.40 ,29.40%,$245.90 ,70.60%,2014
358,The Smurfs 2,Sony,$347.50 ,$71.00 ,20.40%,$276.50 ,79.60%,2013
359,National Treasure,BV,$347.50 ,$173.00 ,49.80%,$174.50 ,50.20%,2004
360,Rush Hour 2,NL,$347.30 ,$226.20 ,65.10%,$121.20 ,34.90%,2001
361,"I, Robot",Fox,$347.20 ,$144.80 ,41.70%,$202.40 ,58.30%,2004
362,Trolls,Fox,$346.90 ,$153.70 ,44.30%,$193.20 ,55.70%,2016
363,xXx: The Return of Xander Cage,Par.,$346.10 ,$44.90 ,13.00%,$301.20 ,87.00%,2017
364,Pocahontas,BV,$346.10 ,$141.60 ,40.90%,$204.50 ,59.10%,1995
365,How the Grinch Stole Christmas,Uni.,$345.10 ,$260.00 ,75.30%,$85.10 ,24.70%,2000
366,Star Trek Beyond,Par.,$343.50 ,$158.80 ,46.20%,$184.60 ,53.80%,2016
367,Alvin and the Chipmunks: Chipwrecked,Fox,$342.70 ,$133.10 ,38.80%,$209.60 ,61.20%,2011
368,The Flintstones,Uni.,$341.60 ,$130.50 ,38.20%,$211.10 ,61.80%,1994
369,Wanted,Uni.,$341.40 ,$134.50 ,39.40%,$206.90 ,60.60%,2008
370,Enchanted,BV,$340.50 ,$127.80 ,37.50%,$212.70 ,62.50%,2007
371,300: Rise of An Empire,WB,$337.60 ,$106.60 ,31.60%,$231.00 ,68.40%,2014
372,Batman Forever,WB,$336.50 ,$184.00 ,54.70%,$152.50 ,45.30%,1995
373,Prince of Persia: The Sands of Time,BV,$336.40 ,$90.80 ,27.00%,$245.60 ,73.00%,2010
374,The Nun,WB (NL),$336.10 ,$110.40 ,32.90%,$225.70 ,67.10%,2018
375,Over the Hedge,P/DW,$336.00 ,$155.00 ,46.10%,$181.00 ,53.90%,2006
376,Journey 2: The Mysterious Island,WB (NL),$335.30 ,$103.90 ,31.00%,$231.40 ,69.00%,2012
377,The Rock,BV,$335.10 ,$134.10 ,40.00%,$201.00 ,60.00%,1996
378,The Great Wall,Uni.,$334.90 ,$45.50 ,13.60%,$289.40 ,86.40%,2017
379,Now You See Me 2,LG/S,$334.90 ,$65.10 ,19.40%,$269.80 ,80.60%,2016
380,A Quiet Place,Par.,$334.50 ,$188.00 ,56.20%,$146.50 ,43.80%,2018
381,The Curious Case of Benjamin Button,Par.,$333.90 ,$127.50 ,38.20%,$206.40 ,61.80%,2008
382,Indiana Jones and the Temple of Doom,Par.,$333.10 ,$179.90 ,54.00%,$153.20 ,46.00%,1984
383,Tomorrow Never Dies,MGM,$333.00 ,$125.30 ,37.60%,$207.70 ,62.40%,1997
384,The Good Dinosaur,BV,$332.20 ,$123.10 ,37.10%,$209.10 ,62.90%,2015
385,Back to the Future Part II,Uni.,$332.00 ,$118.50 ,35.70%,$213.50 ,64.30%,1989
386,22 Jump Street,Sony,$331.30 ,$191.70 ,57.90%,$139.60 ,42.10%,2014
387,Fantastic Four (2005),Fox,$330.60 ,$154.70 ,46.80%,$175.90 ,53.20%,2005
388,Meet the Parents,Uni.,$330.40 ,$166.20 ,50.30%,$164.20 ,49.70%,2000
389,Who Framed Roger Rabbit,BV,$329.80 ,$156.50 ,47.40%,$173.40 ,52.60%,1988
390,Black Swan,FoxS,$329.40 ,$107.00 ,32.50%,$222.40 ,67.50%,2010
391,The Perfect Storm,WB,$328.70 ,$182.60 ,55.60%,$146.10 ,44.40%,2000
392,Crocodile Dundee,Par.,$328.20 ,$174.80 ,53.30%,$153.40 ,46.70%,1986
393,Seven,NL,$327.30 ,$100.10 ,30.60%,$227.20 ,69.40%,1995
394,The Devil Wears Prada,Fox,$326.60 ,$124.70 ,38.20%,$201.80 ,61.80%,2006
395,Taken 3,Fox,$326.50 ,$89.30 ,27.30%,$237.20 ,72.70%,2015
396,The Hunchback of Notre Dame,BV,$325.30 ,$100.10 ,30.80%,$225.20 ,69.20%,1996
397,A Christmas Carol (2009),BV,$325.30 ,$137.90 ,42.40%,$187.40 ,57.60%,2009
398,The SpongeBob Movie: Sponge Out of Water,Par.,$325.20 ,$163.00 ,50.10%,$162.20 ,49.90%,2015
399,Megamind,P/DW,$321.90 ,$148.40 ,46.10%,$173.50 ,53.90%,2010
400,Lethal Weapon 3,WB,$321.70 ,$144.70 ,45.00%,$177.00 ,55.00%,1992
Rank,Title,Studio,Worldwide,Domestic / %,,Overseas / %,,Year^
401,Robin Hood,Uni.,$321.70 ,$105.30 ,32.70%,$216.40 ,67.30%,2010
402,Inglourious Basterds,Wein.,$321.50 ,$120.50 ,37.50%,$200.90 ,62.50%,2009
403,Schindler's List,Uni.,$321.30 ,$96.10 ,29.90%,$225.20 ,70.10%,1993^
404,101 Dalmatians (1996),BV,$320.70 ,$136.20 ,42.50%,$184.50 ,57.50%,1996
405,The Conjuring 2,WB (NL),$320.40 ,$102.50 ,32.00%,$217.90 ,68.00%,2016
406,Fatal Attraction,Par.,$320.10 ,$156.60 ,48.90%,$163.50 ,51.10%,1987
407,The Last Airbender,Par.,$319.70 ,$131.80 ,41.20%,$187.90 ,58.80%,2010
408,The Conjuring,WB (NL),$319.50 ,$137.40 ,43.00%,$182.10 ,57.00%,2013
409,The Proposal,BV,$317.40 ,$164.00 ,51.70%,$153.40 ,48.30%,2009
410,Beverly Hills Cop,Par.,$316.40 ,$234.80 ,74.20%,$81.60 ,25.80%,1984
411,Air Force One,Sony,$315.20 ,$173.00 ,54.90%,$142.20 ,45.10%,1997
412,The Expendables 2,LGF,$315.00 ,$85.00 ,27.00%,$229.90 ,73.00%,2012
413,Chicken Little,BV,$314.40 ,$135.40 ,43.10%,$179.00 ,56.90%,2005
414,As Good as It Gets,Sony,$314.20 ,$148.50 ,47.30%,$165.70 ,52.70%,1997
415,A Beautiful Mind,Uni.,$313.50 ,$170.70 ,54.50%,$142.80 ,45.50%,2001
416,Maze Runner: The Scorch Trials,Fox,$312.30 ,$81.70 ,26.20%,$230.60 ,73.80%,2015
417,Resident Evil: The Final Chapter,SGem,$312.20 ,$26.80 ,8.60%,$285.40 ,91.40%,2017
418,Austin Powers: The Spy Who Shagged Me,NL,$312.00 ,$206.00 ,66.00%,$106.00 ,34.00%,1999
419,The LEGO Batman Movie,WB,$312.00 ,$175.80 ,56.30%,$136.20 ,43.70%,2017
420,Ocean's Thirteen,WB,$311.30 ,$117.20 ,37.60%,$194.20 ,62.40%,2007
421,Little Fockers,Uni.,$310.70 ,$148.40 ,47.80%,$162.20 ,52.20%,2010
422,The Polar Express,WB,$310.60 ,$186.50 ,60.00%,$124.10 ,40.00%,2004^
423,Bolt,BV,$310.00 ,$114.10 ,36.80%,$195.90 ,63.20%,2008
424,Ransom,BV,$309.50 ,$136.50 ,44.10%,$173.00 ,55.90%,1996
425,Runaway Bride,Par.,$309.50 ,$152.30 ,49.20%,$157.20 ,50.80%,1999
426,The Blind Side,WB,$309.20 ,$256.00 ,82.80%,$53.20 ,17.20%,2009
427,The Fault in our Stars,Fox,$307.20 ,$124.90 ,40.70%,$182.30 ,59.30%,2014
428,The Pursuit of Happyness,Sony,$307.10 ,$163.60 ,53.30%,$143.50 ,46.70%,2006
429,Rise of the Guardians,P/DW,$306.90 ,$103.40 ,33.70%,$203.50 ,66.30%,2012
430,Close Encounters of the Third Kind,Col.,$306.90 ,$135.20 ,44.10%,$171.70 ,55.90%,1977^
431,Chicago,Mira.,$306.80 ,$170.70 ,55.60%,$136.10 ,44.40%,2002
432,Annabelle: Creation,WB (NL),$306.50 ,$102.10 ,33.30%,$204.40 ,66.70%,2017
433,Wonder,LGF,$305.90 ,$132.40 ,43.30%,$173.50 ,56.70%,2017
434,Wrath of the Titans,WB,$305.30 ,$83.70 ,27.40%,$221.60 ,72.60%,2012
435,A Good Day to Die Hard,Fox,$304.70 ,$67.30 ,22.10%,$237.30 ,77.90%,2013
436,Mulan,BV,$304.30 ,$120.60 ,39.60%,$183.70 ,60.40%,1998
437,Skyscraper,Uni.,$303.50 ,$67.80 ,22.30%,$235.70 ,77.70%,2018
438,Passengers (2016),Sony,$303.10 ,$100.00 ,33.00%,$203.10 ,67.00%,2016
439,Battleship,Uni.,$303.00 ,$65.40 ,21.60%,$237.60 ,78.40%,2012
440,Dangal,UTV,$302.90 ,$12.40 ,4.10%,$290.50 ,95.90%,2016
441,Liar Liar,Uni.,$302.70 ,$181.40 ,59.90%,$121.30 ,40.10%,1997
442,G.I. Joe: The Rise of Cobra,Par.,$302.50 ,$150.20 ,49.70%,$152.30 ,50.30%,2009
443,Hook,TriS,$300.90 ,$119.70 ,39.80%,$181.20 ,60.20%,1991
444,Rocky IV,UA,$300.50 ,$127.90 ,42.60%,$172.60 ,57.40%,1985
445,Rambo: First Blood Part II,TriS,$300.40 ,$150.40 ,50.10%,$150.00 ,49.90%,1985
446,Van Helsing,Uni.,$300.30 ,$120.20 ,40.00%,$180.10 ,60.00%,2004
447,Resident Evil: Afterlife,SGem,$300.20 ,$60.10 ,20.00%,$240.10 ,80.00%,2010
448,Superman,WB,$300.20 ,$134.20 ,44.70%,$166.00 ,55.30%,1978
449,Stuart Little,Sony,$300.10 ,$140.00 ,46.70%,$160.10 ,53.30%,1999
450,Beverly Hills Cop II,Par.,$300.00 ,$153.70 ,51.20%,$146.30 ,48.80%,1987
451,Alice Through the Looking Glass,BV,$299.50 ,$77.00 ,25.70%,$222.40 ,74.30%,2016
452,My Best Friend's Wedding,Sony,$299.30 ,$127.10 ,42.50%,$172.20 ,57.50%,1997
453,Real Steel,BV,$299.30 ,$85.50 ,28.60%,$213.80 ,71.40%,2011
454,The Divergent Series: Insurgent,LG/S,$297.30 ,$130.20 ,43.80%,$167.10 ,56.20%,2015
455,Dr. Seuss' Horton Hears a Who!,Fox,$297.10 ,$154.50 ,52.00%,$142.60 ,48.00%,2008
456,Look Who's Talking,TriS,$297.00 ,$140.10 ,47.20%,$156.90 ,52.80%,1989
457,Ocean's 8,WB,$296.80 ,$139.40 ,47.00%,$157.40 ,53.00%,2018
458,Austin Powers in Goldmember,NL,$296.70 ,$213.30 ,71.90%,$83.30 ,28.10%,2002
459,Miss Peregrine's Home for Peculiar Children,Fox,$296.50 ,$87.20 ,29.40%,$209.20 ,70.60%,2016
460,X-Men,Fox,$296.30 ,$157.30 ,53.10%,$139.00 ,46.90%,2000
461,Ferdinand,Fox,$296.10 ,$84.40 ,28.50%,$211.70 ,71.50%,2017
462,Ghostbusters,Col.,$295.20 ,$242.20 ,82.00%,$53.00 ,18.00%,1984^
463,Shutter Island,Par.,$294.80 ,$128.00 ,43.40%,$166.80 ,56.60%,2010
464,Doctor Dolittle,Fox,$294.50 ,$144.20 ,49.00%,$150.30 ,51.00%,1998
465,Salt,Sony,$293.50 ,$118.30 ,40.30%,$175.20 ,59.70%,2010
466,G-Force,BV,$292.80 ,$119.40 ,40.80%,$173.40 ,59.20%,2009
467,The Departed,WB,$291.50 ,$132.40 ,45.40%,$159.10 ,54.60%,2006
468,What Lies Beneath,DW,$291.40 ,$155.50 ,53.30%,$136.00 ,46.70%,2000
469,Pacific Rim Uprising,Uni.,$290.50 ,$59.60 ,20.50%,$230.90 ,79.50%,2018
470,Shakespeare in Love,Mira.,$289.30 ,$100.30 ,34.70%,$189.00 ,65.30%,1998
471,Fantastic Four: Rise of the Silver Surfer,Fox,$289.00 ,$131.90 ,45.60%,$157.10 ,54.40%,2007
472,Divergent,LG/S,$288.90 ,$150.90 ,52.30%,$137.90 ,47.70%,2014
473,Coming to America,Par.,$288.80 ,$128.20 ,44.40%,$160.60 ,55.60%,1988
474,The Bourne Supremacy,Uni.,$288.50 ,$176.20 ,61.10%,$112.30 ,38.90%,2004
475,Bridesmaids,Uni.,$288.40 ,$169.10 ,58.60%,$119.30 ,41.40%,2011
476,Sex and the City 2,WB (NL),$288.30 ,$95.30 ,33.10%,$193.00 ,66.90%,2010
477,Maze Runner: The Death Cure,Fox,$288.30 ,$58.00 ,20.10%,$230.20 ,79.90%,2018
478,Casper,Uni.,$287.90 ,$100.30 ,34.80%,$187.60 ,65.20%,1995
479,Bee Movie,P/DW,$287.60 ,$126.60 ,44.00%,$161.00 ,56.00%,2007
480,American Pie 2,Uni.,$287.60 ,$145.10 ,50.50%,$142.50 ,49.50%,2001
481,Pitch Perfect 2,Uni.,$287.50 ,$184.30 ,64.10%,$103.20 ,35.90%,2015
482,The Green Mile,WB,$286.80 ,$136.80 ,47.70%,$150.00 ,52.30%,1999
483,Oblivion,Uni.,$286.20 ,$89.10 ,31.10%,$197.10 ,68.90%,2013
484,Elysium,TriS,$286.10 ,$93.10 ,32.50%,$193.10 ,67.50%,2013
485,Lethal Weapon 4,WB,$285.40 ,$130.40 ,45.70%,$155.00 ,54.30%,1998
486,Wedding Crashers,NL,$285.20 ,$209.30 ,73.40%,$75.90 ,26.60%,2005
487,John Carter,BV,$284.10 ,$73.10 ,25.70%,$211.10 ,74.30%,2012
488,Turbo,Fox,$282.60 ,$83.00 ,29.40%,$199.50 ,70.60%,2013
489,Bridget Jones's Diary,Mira.,$281.90 ,$71.50 ,25.40%,$210.40 ,74.60%,2001
490,Split,Uni.,$278.50 ,$138.30 ,49.70%,$140.20 ,50.30%,2017
491,The Tourist,Sony,$278.30 ,$67.60 ,24.30%,$210.70 ,75.70%,2010
492,Scary Movie,Mira.,$278.00 ,$157.00 ,56.50%,$121.00 ,43.50%,2000
493,XXX,SonR,$277.40 ,$142.10 ,51.20%,$135.30 ,48.80%,2002
494,The Bourne Legacy,Uni.,$276.10 ,$113.20 ,41.00%,$162.90 ,59.00%,2012
495,Spirited Away,BV,$276.10 ,$11.30 ,4.10%,$264.90 ,95.90%,2002^
496,Mr. Peabody & Sherman,Fox,$275.70 ,$111.50 ,40.40%,$164.20 ,59.60%,2014
497,Scooby-Doo,WB,$275.70 ,$153.30 ,55.60%,$122.40 ,44.40%,2002
498,Lincoln,BV,$275.30 ,$182.20 ,66.20%,$93.10 ,33.80%,2012
499,Lara Croft: Tomb Raider,Par.,$274.70 ,$131.20 ,47.70%,$143.50 ,52.30%,2001
500,The Expendables,LGF,$274.50 ,$103.10 ,37.60%,$171.40 ,62.40%,2010
Rank,Title,Studio,Worldwide,Domestic / %,,Overseas / %,,Year^
501,Cloudy with a Chance of Meatballs 2,Sony,$274.30 ,$119.80 ,43.70%,$154.50 ,56.30%,2013
502,The Nutty Professor (1996),Uni.,$274.00 ,$128.80 ,47.00%,$145.10 ,53.00%,1996
503,Tomb Raider,WB,$273.80 ,$57.40 ,21.00%,$216.40 ,79.00%,2018
504,Jerry Maguire,Sony,$273.60 ,$154.00 ,56.30%,$119.60 ,43.70%,1996
505,Bad Boys II,Sony,$273.30 ,$138.60 ,50.70%,$134.70 ,49.30%,2003
506,Lilo & Stitch,BV,$273.10 ,$145.80 ,53.40%,$127.30 ,46.60%,2002
507,The Silence of the Lambs,Orion,$272.70 ,$130.70 ,47.90%,$142.00 ,52.10%,1991
508,Grown Ups,Sony,$271.40 ,$162.00 ,59.70%,$109.40 ,40.30%,2010
509,Neighbors,Uni.,$270.70 ,$150.20 ,55.50%,$120.50 ,44.50%,2014
510,The Firm,Par.,$270.20 ,$158.30 ,58.60%,$111.90 ,41.40%,1993
511,We're the Millers,WB (NL),$270.00 ,$150.40 ,55.70%,$119.60 ,44.30%,2013
512,Gran Torino,WB,$270.00 ,$148.10 ,54.90%,$121.90 ,45.10%,2008
513,"10,000 B.C.",WB,$269.80 ,$94.80 ,35.10%,$175.00 ,64.90%,2008
514,Epic,Fox,$268.40 ,$107.50 ,40.10%,$160.90 ,59.90%,2013
515,Exodus: Gods and Kings,Fox,$268.20 ,$65.00 ,24.20%,$203.20 ,75.80%,2014
516,Paddington,W/Dim.,$268.00 ,$76.30 ,28.50%,$191.80 ,71.50%,2015
517,Bambi,RKO,$267.40 ,$102.20 ,38.20%,$165.20 ,61.80%,1942^
518,The Princess and the Frog,BV,$267.00 ,$104.40 ,39.10%,$162.60 ,60.90%,2009
519,Batman Returns,WB,$266.80 ,$162.80 ,61.00%,$104.00 ,39.00%,1992
520,Something's Gotta Give,Sony,$266.70 ,$124.70 ,46.80%,$142.00 ,53.20%,2003
521,Indecent Proposal,Par.,$266.60 ,$106.60 ,40.00%,$160.00 ,60.00%,1993
522,American Gangster,Uni.,$266.50 ,$130.20 ,48.80%,$136.30 ,51.20%,2007
523,Waterworld,Uni.,$264.20 ,$88.20 ,33.40%,$176.00 ,66.60%,1995
524,The Truman Show,Par.,$264.10 ,$125.60 ,47.60%,$138.50 ,52.40%,1998
525,Charlie's Angels,Sony,$264.10 ,$125.30 ,47.40%,$138.80 ,52.60%,2000
526,The Fifth Element,Sony,$263.90 ,$63.80 ,24.20%,$200.10 ,75.80%,1997^
527,The Incredible Hulk,Uni.,$263.40 ,$134.80 ,51.20%,$128.60 ,48.80%,2008
528,Jumanji,Sony,$262.80 ,$100.50 ,38.20%,$162.30 ,61.80%,1995
529,Bridget Jones: The Edge of Reason,Uni.,$262.50 ,$40.20 ,15.30%,$222.30 ,84.70%,2004
530,Knight & Day,Fox,$261.90 ,$76.40 ,29.20%,$185.50 ,70.80%,2010
531,Borat: Cultural Learnings of America for Make Benefit Glorious Nation of Kazakhstan,Fox,$261.60 ,$128.50 ,49.10%,$133.10 ,50.90%,2006
532,Total Recall,Sony,$261.30 ,$119.40 ,45.70%,$141.90 ,54.30%,1990^
533,Michael Jackson's This Is It,Sony,$261.20 ,$72.10 ,27.60%,$189.10 ,72.40%,2009
534,Robots,Fox,$260.70 ,$128.20 ,49.20%,$132.50 ,50.80%,2005
535,The Lone Ranger,BV,$260.50 ,$89.30 ,34.30%,$171.20 ,65.70%,2013
536,Super 8,Par.,$260.10 ,$127.00 ,48.80%,$133.10 ,51.20%,2011
537,Mojin: The Lost Legend,WGUSA,$259.40 ,$1.20 ,0.50%,$258.10 ,99.50%,2015
538,Blade Runner 2049,WB,$259.20 ,$92.10 ,35.50%,$167.20 ,64.50%,2017
539,Charlie's Angels: Full Throttle,Sony,$259.20 ,$100.80 ,38.90%,$158.30 ,61.10%,2003
540,Rush Hour 3,NL,$258.00 ,$140.10 ,54.30%,$117.90 ,45.70%,2007
541,The Full Monty,FoxS,$257.90 ,$46.00 ,17.80%,$212.00 ,82.20%,1997
542,Annabelle,WB (NL),$257.00 ,$84.30 ,32.80%,$172.80 ,67.20%,2014
543,The Village,BV,$256.70 ,$114.20 ,44.50%,$142.50 ,55.50%,2004
544,Lost in Hong Kong,WGUSA,$256.30 ,$1.30 ,0.50%,$255.00 ,99.50%,2015
545,Erin Brockovich,Uni.,$256.30 ,$125.60 ,49.00%,$130.70 ,51.00%,2000
546,Get Out,Uni.,$255.50 ,$176.00 ,68.90%,$79.40 ,31.10%,2017
547,Cliffhanger,TriS,$255.00 ,$84.00 ,33.00%,$171.00 ,67.00%,1993
548,Kung Fu Yoga,WGUSA,$254.20 ,$363k,0.10%,$253.80 ,99.90%,2017
549,Baahubali 2: The Conclusion,GrtIndia,$254.20 ,$20.20 ,7.90%,$234.00 ,92.10%,2017
550,Babe,Uni.,$254.10 ,$63.70 ,25.00%,$190.50 ,75.00%,1995
551,Wild Hogs,BV,$253.60 ,$168.30 ,66.30%,$85.40 ,33.70%,2007
552,High School Musical 3: Senior Year,BV,$252.90 ,$90.60 ,35.80%,$162.30 ,64.20%,2008
553,Hercules,BV,$252.70 ,$99.10 ,39.20%,$153.60 ,60.80%,1997
554,True Grit,Par.,$252.30 ,$171.20 ,67.90%,$81.00 ,32.10%,2010
555,Bean,Gram.,$251.20 ,$45.30 ,18.00%,$205.90 ,82.00%,1997
556,American Hustle,Sony,$251.20 ,$150.10 ,59.80%,$101.10 ,40.20%,2013
557,You've Got Mail,WB,$250.80 ,$115.80 ,46.20%,$135.00 ,53.80%,1998
558,Enemy of the State,BV,$250.60 ,$111.50 ,44.50%,$139.10 ,55.50%,1998
559,Brother Bear,BV,$250.40 ,$85.30 ,34.10%,$165.10 ,65.90%,2003
560,The Mask of Zorro,Sony,$250.30 ,$94.10 ,37.60%,$156.20 ,62.40%,1998
561,Eragon,Fox,$249.50 ,$75.00 ,30.10%,$174.50 ,69.90%,2006
562,The Ring,DW,$249.30 ,$129.10 ,51.80%,$120.20 ,48.20%,2002
563,The Blair Witch Project,Art.,$248.60 ,$140.50 ,56.50%,$108.10 ,43.50%,1999
564,Unbreakable,BV,$248.10 ,$95.00 ,38.30%,$153.10 ,61.70%,2000
565,Dumb and Dumber,NL,$247.30 ,$127.20 ,51.40%,$120.10 ,48.60%,1994
566,Grown Ups 2,Sony,$247.00 ,$133.70 ,54.10%,$113.30 ,45.90%,2013
567,Love Actually,Uni.,$246.90 ,$59.70 ,24.20%,$187.20 ,75.80%,2003
568,Journey to the West: The Demons Strike Back,Sony,$246.60 ,$880k,0.40%,$245.70 ,99.60%,2017
569,The Peanuts Movie,Fox,$246.20 ,$130.20 ,52.90%,$116.10 ,47.10%,2015
570,Rango,Par.,$245.70 ,$123.50 ,50.30%,$122.20 ,49.70%,2011
571,Four Weddings and a Funeral,Gram.,$245.70 ,$52.70 ,21.40%,$193.00 ,78.60%,1994
572,Face/Off,Par.,$245.70 ,$112.30 ,45.70%,$133.40 ,54.30%,1997
573,Teenage Mutant Ninja Turtles: Out of the Shadows,Par.,$245.60 ,$82.10 ,33.40%,$163.60 ,66.60%,2016
574,Dark Shadows,WB,$245.50 ,$79.70 ,32.50%,$165.80 ,67.50%,2012
575,Hulk,Uni.,$245.40 ,$132.20 ,53.90%,$113.20 ,46.10%,2003
576,Bienvenue chez les Ch'tis,N/A,$245.10 ,n/a,0.00%,$245.10 ,100.00%,0
577,The Godfather,Par.,$245.10 ,$135.00 ,55.10%,$110.10 ,44.90%,1972^
578,Pixels,Sony,$244.90 ,$78.70 ,32.20%,$166.10 ,67.80%,2015
579,Hercules (2014),Par.,$244.80 ,$72.70 ,29.70%,$172.10 ,70.30%,2014
580,Back to the Future Part III,Uni.,$244.50 ,$87.70 ,35.90%,$156.80 ,64.10%,1990
581,Rush Hour,NL,$244.40 ,$141.20 ,57.80%,$103.20 ,42.20%,1998
582,After Earth,Sony,$243.80 ,$60.50 ,24.80%,$183.30 ,75.20%,2013
583,A Few Good Men,Col.,$243.20 ,$141.30 ,58.10%,$101.90 ,41.90%,1992
584,Cloudy with a Chance of Meatballs,Sony,$243.00 ,$124.90 ,51.40%,$118.10 ,48.60%,2009
585,8 Mile,Uni.,$242.90 ,$116.80 ,48.10%,$126.10 ,51.90%,2002
586,Daddy's Home,Par.,$242.80 ,$150.40 ,61.90%,$92.40 ,38.10%,2015
587,Marley and Me,Fox,$242.70 ,$143.20 ,59.00%,$99.60 ,41.00%,2008
588,RoboCop (2014),Sony,$242.70 ,$58.60 ,24.10%,$184.10 ,75.90%,2014
589,Eraser,WB,$242.30 ,$101.30 ,41.80%,$141.00 ,58.20%,1996
590,Journey to the Center of the Earth,WB (NL),$242.00 ,$101.70 ,42.00%,$140.30 ,58.00%,2008
591,Assassin's Creed,Fox,$240.90 ,$54.60 ,22.70%,$186.30 ,77.30%,2016
592,Alien: Covenant,Fox,$240.90 ,$74.30 ,30.80%,$166.60 ,69.20%,2017
593,Sully,WB,$240.80 ,$125.10 ,51.90%,$115.70 ,48.10%,2016
594,Die Hard 2: Die Harder,Fox,$240.00 ,$117.50 ,49.00%,$122.50 ,51.00%,1990
595,Resident Evil: Retribution,SGem,$240.00 ,$42.30 ,17.60%,$197.70 ,82.40%,2012
596,Crocodile Dundee II,Par.,$239.60 ,$109.30 ,45.60%,$130.30 ,54.40%,1988
597,Planes,BV,$239.30 ,$90.30 ,37.70%,$149.00 ,62.30%,2013
598,Batman and Robin,WB,$238.20 ,$107.30 ,45.10%,$130.90 ,54.90%,1997
599,Click,SonR,$237.70 ,$137.40 ,57.80%,$100.30 ,42.20%,2006
600,Gulliver's Travels,Fox,$237.40 ,$42.80 ,18.00%,$194.60 ,82.00%,2010
Rank,Title,Studio,Worldwide,Domestic / %,,Overseas / %,,Year^
601,Gone in 60 Seconds,BV,$237.20 ,$101.60 ,42.90%,$135.60 ,57.10%,2000
602,Saturday Night Fever,Par.,$237.10 ,$94.20 ,39.70%,$142.90 ,60.30%,1977
603,Silver Linings Playbook,Wein.,$236.40 ,$132.10 ,55.90%,$104.30 ,44.10%,2012
604,2 Fast 2 Furious,Uni.,$236.40 ,$127.20 ,53.80%,$109.20 ,46.20%,2003
605,Hidden Figures,Fox,$236.00 ,$169.60 ,71.90%,$66.30 ,28.10%,2016
606,A.I. Artificial Intelligence,WB,$235.90 ,$78.60 ,33.30%,$157.30 ,66.70%,2001
607,Dead Poets Society,BV,$235.90 ,$95.90 ,40.60%,$140.00 ,59.40%,1989
608,Spy,Fox,$235.70 ,$110.80 ,47.00%,$124.80 ,53.00%,2015
609,American Pie,Uni.,$235.50 ,$102.60 ,43.60%,$132.90 ,56.40%,1999
610,Howl's Moving Castle,BV,$235.20 ,$4.70 ,2.00%,$230.50 ,98.00%,2005
611,American Reunion,Uni.,$235.00 ,$57.00 ,24.30%,$178.00 ,75.70%,2012
612,Big Daddy,Sony,$234.80 ,$163.50 ,69.60%,$71.30 ,30.40%,1999
613,Alvin and the Chipmunks: The Road Chip,Fox,$234.80 ,$85.90 ,36.60%,$148.90 ,63.40%,2015
614,The Imitation Game,Wein.,$233.60 ,$91.10 ,39.00%,$142.40 ,61.00%,2014
615,The Day the Earth Stood Still (2008),Fox,$233.10 ,$79.40 ,34.00%,$153.70 ,66.00%,2008
616,The Girl with the Dragon Tattoo (2011),Sony,$232.60 ,$102.50 ,44.10%,$130.10 ,55.90%,2011
617,Argo,WB,$232.30 ,$136.00 ,58.50%,$96.30 ,41.50%,2012
618,The English Patient,Mira.,$232.00 ,$78.70 ,33.90%,$153.30 ,66.10%,1996
619,Sister Act,BV,$231.60 ,$139.60 ,60.30%,$92.00 ,39.70%,1992
620,American Wedding,Uni.,$231.40 ,$104.60 ,45.20%,$126.90 ,54.80%,2003
621,Juno,FoxS,$231.40 ,$143.50 ,62.00%,$87.90 ,38.00%,2007
622,Constantine,WB,$230.90 ,$76.00 ,32.90%,$154.90 ,67.10%,2005
623,Get Smart,WB,$230.70 ,$130.30 ,56.50%,$100.40 ,43.50%,2008
624,Space Jam,WB,$230.40 ,$90.40 ,39.20%,$140.00 ,60.80%,1996
625,The Heat,Fox,$229.90 ,$159.60 ,69.40%,$70.30 ,30.60%,2013
626,Mr. Bean's Holiday,Uni.,$229.70 ,$33.30 ,14.50%,$196.40 ,85.50%,2007
627,Life Is Beautiful,Mira.,$229.20 ,$57.60 ,25.10%,$171.60 ,74.90%,1998^
628,Ghostbusters (2016),Sony,$229.10 ,$128.40 ,56.00%,$100.80 ,44.00%,2016
629,Ghost Rider,Sony,$228.70 ,$115.80 ,50.60%,$112.90 ,49.40%,2007
630,Goodbye Mr. Loser,CL,$228.10 ,$1.30 ,0.60%,$226.80 ,99.40%,2015
631,Lethal Weapon 2,WB,$227.90 ,$147.30 ,64.60%,$80.60 ,35.40%,1989
632,The Green Hornet,Sony,$227.80 ,$98.80 ,43.40%,$129.00 ,56.60%,2011
633,Sleepless in Seattle,TriS,$227.80 ,$126.70 ,55.60%,$101.10 ,44.40%,1993
634,Out of Africa,Uni.,$227.50 ,$87.10 ,38.30%,$140.40 ,61.70%,1985
635,Baby Driver,TriS,$226.90 ,$107.80 ,47.50%,$119.10 ,52.50%,2017
636,Immortals,Rela.,$226.90 ,$83.50 ,36.80%,$143.40 ,63.20%,2011
637,Paddington 2,WB,$226.90 ,$40.40 ,17.80%,$186.40 ,82.20%,2018
638,Taken,Fox,$226.80 ,$145.00 ,63.90%,$81.80 ,36.10%,2009
639,Percy Jackson & The Olympians: The Lightning Thief,Fox,$226.50 ,$88.80 ,39.20%,$137.70 ,60.80%,2010
640,Hansel and Gretel: Witch Hunters,Par.,$226.30 ,$55.70 ,24.60%,$170.60 ,75.40%,2013
641,Good Will Hunting,Mira.,$225.90 ,$138.40 ,61.30%,$87.50 ,38.70%,1997
642,Valerian and the City of a Thousand Planets,STX,$225.90 ,$41.20 ,18.20%,$184.70 ,81.80%,2017
643,The Social Network,Sony,$224.90 ,$97.00 ,43.10%,$128.00 ,56.90%,2010
644,Chicken Run,DW,$224.80 ,$106.80 ,47.50%,$118.00 ,52.50%,2000
645,Con Air,BV,$224.00 ,$101.10 ,45.10%,$122.90 ,54.90%,1997
646,Interview with the Vampire,WB,$223.70 ,$105.30 ,47.10%,$118.40 ,52.90%,1994
647,Flightplan,BV,$223.40 ,$89.70 ,40.20%,$133.70 ,59.80%,2005
648,Yes Man,WB,$223.20 ,$97.70 ,43.80%,$125.60 ,56.20%,2008
649,Non-Stop,Uni.,$222.80 ,$92.20 ,41.40%,$130.60 ,58.60%,2014
650,"Honey, I Shrunk the Kids",BV,$222.70 ,$130.70 ,58.70%,$92.00 ,41.30%,1989
651,Fahrenheit 9/11,Lions,$222.40 ,$119.20 ,53.60%,$103.30 ,46.40%,2004
652,Jumper,Fox,$222.20 ,$80.20 ,36.10%,$142.10 ,63.90%,2008
653,Wild Wild West,WB,$222.10 ,$113.80 ,51.20%,$108.30 ,48.80%,1999
654,Crazy Rich Asians,WB,$221.90 ,$166.80 ,75.20%,$55.10 ,24.80%,2018
655,Geostorm,WB,$221.60 ,$33.70 ,15.20%,$187.90 ,84.80%,2017
656,Presumed Innocent,WB,$221.30 ,$86.30 ,39.00%,$135.00 ,61.00%,1990
657,Scary Movie 3,Dim.,$220.70 ,$110.00 ,49.80%,$110.70 ,50.20%,2003
658,Elf,NL,$220.40 ,$173.40 ,78.70%,$47.00 ,21.30%,2003
659,Inferno,Sony,$220.00 ,$34.30 ,15.60%,$185.70 ,84.40%,2016
660,Green Lantern,WB,$219.90 ,$116.60 ,53.00%,$103.30 ,47.00%,2011
661,The Terminal,DW,$219.40 ,$77.90 ,35.50%,$141.50 ,64.50%,2004
662,What Happens in Vegas,Fox,$219.40 ,$80.30 ,36.60%,$139.10 ,63.40%,2008
663,It's Complicated,Uni.,$219.10 ,$112.70 ,51.50%,$106.40 ,48.50%,2009
664,Knocked Up,Uni.,$219.10 ,$148.80 ,67.90%,$70.30 ,32.10%,2007
665,Captain Phillips,Sony,$218.80 ,$107.10 ,49.00%,$111.70 ,51.00%,2013
666,The Prince of Egypt,DW,$218.60 ,$101.40 ,46.40%,$117.20 ,53.60%,1998
667,Jack Reacher,Par.,$218.30 ,$80.10 ,36.70%,$138.30 ,63.30%,2012
668,The Emoji Movie,Sony,$217.80 ,$86.10 ,39.50%,$131.70 ,60.50%,2017
669,Collateral,DW,$217.80 ,$101.00 ,46.40%,$116.80 ,53.60%,2004
670,Dracula Untold,Uni.,$217.10 ,$56.30 ,25.90%,$160.80 ,74.10%,2014
671,Central Intelligence,WB (NL),$217.00 ,$127.40 ,58.70%,$89.50 ,41.30%,2016
672,Million Dollar Baby,WB,$216.80 ,$100.50 ,46.40%,$116.30 ,53.60%,2004
673,Ted 2,Uni.,$216.70 ,$81.50 ,37.60%,$135.20 ,62.40%,2015
674,The Help,BV,$216.60 ,$169.70 ,78.30%,$46.90 ,21.70%,2011
675,Twins,Uni.,$216.60 ,$111.90 ,51.70%,$104.70 ,48.30%,1988
676,Valentine's Day,WB (NL),$216.50 ,$110.50 ,51.00%,$106.00 ,49.00%,2010
677,Bad Teacher,Sony,$216.20 ,$100.30 ,46.40%,$115.90 ,53.60%,2011
678,Clear and Present Danger,Par.,$215.90 ,$122.20 ,56.60%,$93.70 ,43.40%,1994
679,101 Dalmatians,Dis.,$215.90 ,$144.90 ,67.10%,$71.00 ,32.90%,1961^
680,Bram Stoker's Dracula,Col.,$215.90 ,$82.50 ,38.20%,$133.30 ,61.80%,1992
681,Vertical Limit,Sony,$215.70 ,$69.20 ,32.10%,$146.40 ,67.90%,2000
682,Ghostbusters II,Col.,$215.40 ,$112.50 ,52.20%,$102.90 ,47.80%,1989
683,The Patriot,Sony,$215.30 ,$113.30 ,52.60%,$102.00 ,47.40%,2000
684,The Sorcerer's Apprentice,BV,$215.30 ,$63.20 ,29.30%,$152.10 ,70.70%,2010
685,Just Go With It,Sony,$214.90 ,$103.00 ,47.90%,$111.90 ,52.10%,2011
686,The Expendables 3,LGF,$214.70 ,$39.30 ,18.30%,$175.30 ,81.70%,2014
687,Public Enemies,Uni.,$214.10 ,$97.10 ,45.40%,$117.00 ,54.60%,2009
688,The Bourne Identity,Uni.,$214.00 ,$121.70 ,56.80%,$92.40 ,43.20%,2002
689,Disclosure,WB,$214.00 ,$83.00 ,38.80%,$131.00 ,61.20%,1994
690,Dirty Dancing,Vest,$214.00 ,$64.00 ,29.90%,$150.00 ,70.10%,1987^
691,Pulp Fiction,Mira.,$213.90 ,$107.90 ,50.50%,$106.00 ,49.50%,1994
692,The Aviator,Mira.,$213.70 ,$102.60 ,48.00%,$111.10 ,52.00%,2004
693,"Crouching Tiger, Hidden Dragon",SPC,$213.50 ,$128.10 ,60.00%,$85.40 ,40.00%,2000
694,Braveheart,Par.,$213.20 ,$75.60 ,35.50%,$137.60 ,64.50%,1995
695,Into the Woods,BV,$213.10 ,$128.00 ,60.10%,$85.10 ,39.90%,2014
696,Bedtime Stories,BV,$212.90 ,$110.10 ,51.70%,$102.80 ,48.30%,2008
697,Miss Congeniality,WB,$212.70 ,$106.80 ,50.20%,$105.90 ,49.80%,2000
698,Entrapment,Fox,$212.40 ,$87.70 ,41.30%,$124.70 ,58.70%,1999
699,Ace Ventura: When Nature Calls,WB,$212.40 ,$108.40 ,51.00%,$104.00 ,49.00%,1995
700,Master and Commander: The Far Side of the World,Fox,$212.00 ,$93.90 ,44.30%,$118.10 ,55.70%,2003
Rank,Title,Studio,Worldwide,Domestic / %,,Overseas / %,,Year^
701,End of Days,Uni.,$212.00 ,$66.90 ,31.60%,$145.10 ,68.40%,1999
702,Bridget Jones's Baby,Uni.,$212.00 ,$24.30 ,11.40%,$187.70 ,88.60%,2016
703,Battle: Los Angeles,Sony,$211.80 ,$83.60 ,39.40%,$128.30 ,60.60%,2011
704,Fury (2014),Sony,$211.80 ,$85.80 ,40.50%,$126.00 ,59.50%,2014
705,Due Date,WB,$211.80 ,$100.50 ,47.50%,$111.20 ,52.50%,2010
706,Kingdom of Heaven,Fox,$211.70 ,$47.40 ,22.40%,$164.30 ,77.60%,2005
707,The Little Mermaid,BV,$211.30 ,$111.50 ,52.80%,$99.80 ,47.20%,1989^
708,Australia,Fox,$211.30 ,$49.60 ,23.40%,$161.80 ,76.60%,2008
709,District 9,TriS,$210.80 ,$115.60 ,54.90%,$95.20 ,45.10%,2009
710,Moonraker,MGM,$210.30 ,$70.30 ,33.40%,$140.00 ,66.60%,1979
711,The Others,Mira.,$209.90 ,$96.50 ,46.00%,$113.40 ,54.00%,2001
712,Horrible Bosses,WB (NL),$209.60 ,$117.50 ,56.10%,$92.10 ,43.90%,2011
713,Red Dragon,Uni.,$209.20 ,$93.10 ,44.50%,$116.00 ,55.50%,2002
714,Tomorrowland,BV,$209.20 ,$93.40 ,44.70%,$115.70 ,55.30%,2015
715,Lemony Snicket's A Series of Unfortunate Events,Par.,$209.10 ,$118.60 ,56.70%,$90.40 ,43.30%,2004
716,Me Before You,WB (NL),$208.30 ,$56.20 ,27.00%,$152.10 ,73.00%,2016
717,Safe House,Uni.,$208.10 ,$126.40 ,60.70%,$81.70 ,39.30%,2012
718,S.W.A.T.,Sony,$207.70 ,$116.90 ,56.30%,$90.80 ,43.70%,2003
719,Traffic,USA,$207.50 ,$124.10 ,59.80%,$83.40 ,40.20%,2000
720,The Fast and the Furious,Uni.,$207.30 ,$144.50 ,69.70%,$62.80 ,30.30%,2001
721,Paranormal Activity 3,Par.,$207.00 ,$104.00 ,50.20%,$103.00 ,49.80%,2011
722,Philadelphia,TriS,$206.70 ,$77.40 ,37.50%,$129.20 ,62.50%,1993
723,Sleepy Hollow,Par.,$206.10 ,$101.10 ,49.00%,$105.00 ,51.00%,1999
724,London Has Fallen,Focus,$205.90 ,$62.70 ,30.40%,$143.20 ,69.60%,2016
725,The Jungle Book,Dis.,$205.80 ,$141.80 ,68.90%,$64.00 ,31.10%,1967^
726,Journey to the West,Magn.,$205.60 ,$18.1k,0.00%,$205.60 ,100.00%,2014
727,JFK,WB,$205.40 ,$70.40 ,34.30%,$135.00 ,65.70%,1991
728,White House Down,Sony,$205.40 ,$73.10 ,35.60%,$132.30 ,64.40%,2013
729,The Ugly Truth,Sony,$205.30 ,$88.90 ,43.30%,$116.40 ,56.70%,2009
730,The Holiday,Sony,$205.10 ,$63.20 ,30.80%,$141.90 ,69.20%,2006
731,The Break-Up,Uni.,$205.00 ,$118.70 ,57.90%,$86.30 ,42.10%,2006
732,Eat Pray Love,Sony,$204.60 ,$80.60 ,39.40%,$124.00 ,60.60%,2010
733,A Dog's Purpose,Uni.,$204.10 ,$64.50 ,31.60%,$139.50 ,68.40%,2017
734,King Arthur,BV,$203.60 ,$51.90 ,25.50%,$151.70 ,74.50%,2004
735,Everest (2015),Uni.,$203.40 ,$43.50 ,21.40%,$159.90 ,78.60%,2015
736,Vanilla Sky,Par.,$203.40 ,$100.60 ,49.50%,$102.80 ,50.50%,2001
737,Arrival,Par.,$203.40 ,$100.50 ,49.40%,$102.80 ,50.60%,2016
738,Need for Speed,BV,$203.30 ,$43.60 ,21.40%,$159.70 ,78.60%,2014
739,Hairspray (2007),NL,$202.50 ,$118.90 ,58.70%,$83.70 ,41.30%,2007
740,Patch Adams,Uni.,$202.30 ,$135.00 ,66.70%,$67.30 ,33.30%,1998
741,Fun with Dick and Jane,Sony,$202.00 ,$110.30 ,54.60%,$91.70 ,45.40%,2005
742,Teenage Mutant Ninja Turtles,NL,$202.00 ,$135.30 ,67.00%,$66.70 ,33.00%,1990
743,Kindergarten Cop,Uni.,$202.00 ,$91.50 ,45.30%,$110.50 ,54.70%,1990
744,Ponyo,BV,$201.80 ,$15.10 ,7.50%,$186.70 ,92.50%,2009
745,Straight Outta Compton,Uni.,$201.60 ,$161.20 ,79.90%,$40.40 ,20.10%,2015
746,21 Jump Street,Sony,$201.60 ,$138.40 ,68.70%,$63.10 ,31.30%,2012
747,Yogi Bear,WB,$201.60 ,$100.20 ,49.70%,$101.30 ,50.30%,2010
748,Garfield: The Movie,Fox,$200.80 ,$75.40 ,37.50%,$125.40 ,62.50%,2004
749,Cats & Dogs,WB,$200.70 ,$93.40 ,46.50%,$107.30 ,53.50%,2001
750,The Hunt for Red October,Par.,$200.50 ,$122.00 ,60.90%,$78.50 ,39.10%,1990
751,Valkyrie,UA,$200.30 ,$83.10 ,41.50%,$117.20 ,58.50%,2008
